{
  "n_rows_eda": 637,
  "corr_chip_software": 0.3533808926568663,
  "best_lag": 3,
  "best_lag_corr": 0.3860447394495376
}