lag_months,corr_chip_to_software,n
0,0.35338089265686623,637
1,0.36567239655381134,636
2,0.3811294389800684,635
3,0.3860447394495376,634
4,0.3857649670779912,633
5,0.3783684318011643,632
6,0.3700386756348718,631
