,chip_yoy,software_emp_yoy,payems_yoy
chip_yoy,1.0,0.3533808926568663,0.2865062867302423
software_emp_yoy,0.3533808926568663,1.0,0.7344511538561456
payems_yoy,0.2865062867302423,0.7344511538561456,1.0
